{"payload":{"installed_packages":["absl-py==1.3.0","anyio==3.5.0","argon2-cffi-bindings==21.2.0","argon2-cffi==21.3.0","asttokens==2.0.5","attrs==21.4.0","automat==22.10.0","babel==2.9.1","backcall==0.2.0","beautifulsoup4==4.11.1","bleach==4.1.0","bottleneck==1.3.5","brotlipy==0.7.0","cachetools==5.2.0","certifi==2022.12.7","cffi==1.15.1","charset-normalizer==2.1.1","click==8.1.3","colorama==0.4.5","comet-ml==3.31.20","comet==3.1.0","commonmark==0.9.1","configobj==5.0.6","constantly==15.1.0","contourpy==1.0.5","coremltools==6.1","cryptography==37.0.1","cycler==0.11.0","debugpy==1.5.1","decorator==5.1.1","defusedxml==0.7.1","docker-pycreds==0.4.0","dulwich==0.20.50","entrypoints==0.4","et-xmlfile==1.1.0","everett==3.1.0","executing==0.8.3","fastjsonschema==2.16.2","fonttools==4.37.4","furl==2.1.3","gitdb==4.0.10","gitpython==3.1.29","google-auth-oauthlib==0.4.6","google-auth==2.13.0","grpcio==1.50.0","hyperlink==21.0.0","idna==3.4","importlib-metadata==5.0.0","importlib-resources==5.2.0","incremental==22.10.0","ipykernel==6.15.2","ipython-genutils==0.2.0","ipython==8.6.0","ipywidgets==7.6.5","jedi==0.18.1","jinja2==3.0.3","joblib==1.1.0","json5==0.9.6","jsonschema==4.16.0","jupyter-client==7.3.5","jupyter-console==6.4.3","jupyter-core==4.11.1","jupyter-server==1.18.1","jupyter==1.0.0","jupyterlab-pygments==0.1.2","jupyterlab-server==2.15.2","jupyterlab-widgets==1.0.0","jupyterlab==3.4.4","kiwisolver==1.4.4","lightgbm==3.3.3","lxml==4.9.2","markdown==3.4.1","markupsafe==2.1.1","matplotlib-inline==0.1.6","matplotlib==3.6.1","mistune==0.8.4","mkl-fft==1.3.1","mkl-random==1.2.2","mkl-service==2.4.0","mpmath==1.2.1","munkres==1.1.4","nbclassic==0.3.5","nbclient==0.5.13","nbconvert==6.4.4","nbformat==5.7.0","nest-asyncio==1.5.5","notebook==6.4.12","numexpr==2.8.3","numpy==1.23.4","oauthlib==3.2.2","olefile==0.46","onnx-simplifier==0.4.10","onnx==1.13.0","opencv-python==4.6.0.66","openpyxl==3.0.10","orderedmultidict==1.0.1","packaging==21.3","pandas==1.4.4","pandocfilters==1.5.0","parso==0.8.3","pathlib2==2.3.7.post1","pathtools==0.1.2","pickleshare==0.7.5","pillow==9.2.0","pip==22.2.2","pkgutil-resolve-name==1.3.10","ply==3.11","prometheus-client==0.14.1","promise==2.3","prompt-toolkit==3.0.20","protobuf==3.20.3","psutil==5.9.0","pure-eval==0.2.2","pyasn1-modules==0.2.8","pyasn1==0.4.8","pycparser==2.21","pygments==2.11.2","pyjwt==2.4.0","pyopenssl==22.0.0","pyparsing==3.0.9","pyqt5-sip==12.11.0","pyqt5==5.15.7","pyrsistent==0.18.0","pysocks==1.7.1","python-dateutil==2.8.2","python-utils==3.3.3","pytz==2022.1","pywin32==302","pywinpty==2.0.2","pyyaml==6.0","pyzmq==23.2.0","qtconsole==5.3.2","qtpy==2.2.0","requests-oauthlib==1.3.1","requests-toolbelt==0.10.1","requests==2.28.1","rich==12.6.0","rsa==4.9","scikit-learn==1.0.2","scipy==1.9.3","seaborn==0.11.2","selenium==3.141.0","semantic-version==2.10.0","send2trash==1.8.0","sentry-sdk==1.11.1","setproctitle==1.3.2","setuptools==63.4.1","shortuuid==1.0.11","simplejson==3.18.0","sip==6.6.2","six==1.16.0","smmap==5.0.0","sniffio==1.2.0","soupsieve==2.3.1","stack-data==0.2.0","sympy==1.11.1","tensorboard-data-server==0.6.1","tensorboard-plugin-wit==1.8.1","tensorboard==2.10.1","terminado==0.13.1","testpath==0.6.0","thop==0.1.1.post2209072238","threadpoolctl==2.2.0","toml==0.10.2","torch==1.7.1+cu110","torchvision==0.8.2+cu110","tornado==6.2","tqdm==4.64.1","traitlets==5.1.1","twisted-iocpsupport==1.0.2","twisted==22.10.0","typing-extensions==4.4.0","urllib3==1.26.12","utils==1.0.1","val==0.6","wandb==0.13.7","wcwidth==0.2.5","webencodings==0.5.1","websocket-client==0.58.0","werkzeug==2.2.2","wheel==0.37.1","widgetsnbextension==3.5.2","win-inet-pton==1.1.0","wincertstore==0.2","wrapt==1.14.1","wurlitzer==3.0.3","zipp==3.9.0","zope.interface==5.5.2"],"local_timestamp":1674481913588},"type":"ws_msg"}
{"payload":{"env_details":{"command":["train.py","--img","640","--batch","32","--epochs","10","--data","C:\\\\Users\\\\user\\\\Desktop\\\\NIA_\ucd5c\uc885\ub370\uc774\ud130_1207\\\\sick_st\\\\data.yaml","--cfg","./models/yolov5m.yaml","--weights","yolov5m.pt","--name","sick_st_results","--device","0,1"],"env":null,"hostname":"DESKTOP-755N67K","ip":"10.31.199.40","machine":"AMD64","os":"Windows-10-10.0.19045-SP0","os_release":"10","os_type":"Windows","pid":50576,"processor":"Intel64 Family 6 Model 151 Stepping 2, GenuineIntel","python_exe":"C:\\Users\\user\\.conda\\envs\\yolov5\\python.exe","python_version":"3.8.13","python_version_verbose":"3.8.13 (default, Mar 28 2022, 06:59:08) [MSC v.1916 64 bit (AMD64)]","user":"user"},"local_timestamp":1674481913612},"type":"ws_msg"}
{"payload":{"gpu_static_info":[{"gpu_index":0,"name":"NVIDIA GeForce RTX 3090 Ti","power_limit":450000,"total_memory":25757220864,"uuid":"GPU-080140da-5235-ac9c-fcbc-0c865060454b"},{"gpu_index":1,"name":"NVIDIA GeForce RTX 3090 Ti","power_limit":450000,"total_memory":25757220864,"uuid":"GPU-0e867d1b-55a4-5702-c615-9b295ba3f09f"}],"local_timestamp":1674481913655},"type":"ws_msg"}
{"payload":{"local_timestamp":1674481913655,"metric":{"epoch":null,"metricName":"sys.gpu.0.total_memory","metricValue":25757220864,"step":null}},"type":"metric_msg"}
{"payload":{"local_timestamp":1674481913655,"metric":{"epoch":null,"metricName":"sys.gpu.1.total_memory","metricValue":25757220864,"step":null}},"type":"metric_msg"}
{"payload":{"local_timestamp":1674481913791,"param":{"paramName":"img","paramValue":640,"source":"cli","step":null}},"type":"parameter_msg"}
{"payload":{"local_timestamp":1674481913791,"param":{"paramName":"batch","paramValue":32,"source":"cli","step":null}},"type":"parameter_msg"}
{"payload":{"local_timestamp":1674481913791,"param":{"paramName":"epochs","paramValue":10,"source":"cli","step":null}},"type":"parameter_msg"}
{"payload":{"local_timestamp":1674481913791,"param":{"paramName":"data","paramValue":"C:\\\\Users\\\\user\\\\Desktop\\\\NIA_\ucd5c\uc885\ub370\uc774\ud130_1207\\\\sick_st\\\\data.yaml","source":"cli","step":null}},"type":"parameter_msg"}
{"payload":{"local_timestamp":1674481913791,"param":{"paramName":"cfg","paramValue":"./models/yolov5m.yaml","source":"cli","step":null}},"type":"parameter_msg"}
{"payload":{"local_timestamp":1674481913791,"param":{"paramName":"weights","paramValue":"yolov5m.pt","source":"cli","step":null}},"type":"parameter_msg"}
{"payload":{"local_timestamp":1674481913791,"param":{"paramName":"name","paramValue":"sick_st_results","source":"cli","step":null}},"type":"parameter_msg"}
{"payload":{"local_timestamp":1674481913791,"params":{"paramName":"device","paramValue":[0,1],"source":"cli","step":null}},"type":"parameter_msg"}
{"payload":{"local_timestamp":1674481913791,"stderr":true,"stdout":"COMET INFO: CUDA_VISIBLE_DEVICES uuids=['GPU-080140da-5235-ac9c-fcbc-0c865060454b', 'GPU-0e867d1b-55a4-5702-c615-9b295ba3f09f']\n"},"type":"ws_msg"}
{"payload":{"local_timestamp":1674481913791,"metric":{"epoch":null,"metricName":"sys.cpu.percent.avg","metricValue":2.6833333333333336,"step":null}},"type":"metric_msg"}
{"payload":{"local_timestamp":1674481913791,"metric":{"epoch":null,"metricName":"sys.cpu.percent.01","metricValue":3.3,"step":null}},"type":"metric_msg"}
{"payload":{"local_timestamp":1674481913791,"metric":{"epoch":null,"metricName":"sys.cpu.percent.02","metricValue":0.0,"step":null}},"type":"metric_msg"}
{"payload":{"local_timestamp":1674481913791,"metric":{"epoch":null,"metricName":"sys.cpu.percent.03","metricValue":0.1,"step":null}},"type":"metric_msg"}
{"payload":{"local_timestamp":1674481913791,"metric":{"epoch":null,"metricName":"sys.cpu.percent.04","metricValue":0.0,"step":null}},"type":"metric_msg"}
{"payload":{"local_timestamp":1674481913791,"metric":{"epoch":null,"metricName":"sys.cpu.percent.05","metricValue":0.1,"step":null}},"type":"metric_msg"}
{"payload":{"local_timestamp":1674481913791,"metric":{"epoch":null,"metricName":"sys.cpu.percent.06","metricValue":0.0,"step":null}},"type":"metric_msg"}
{"payload":{"local_timestamp":1674481913791,"metric":{"epoch":null,"metricName":"sys.cpu.percent.07","metricValue":0.0,"step":null}},"type":"metric_msg"}
{"payload":{"local_timestamp":1674481913791,"metric":{"epoch":null,"metricName":"sys.cpu.percent.08","metricValue":0.0,"step":null}},"type":"metric_msg"}
{"payload":{"local_timestamp":1674481913791,"metric":{"epoch":null,"metricName":"sys.cpu.percent.09","metricValue":1.8,"step":null}},"type":"metric_msg"}
{"payload":{"local_timestamp":1674481913791,"metric":{"epoch":null,"metricName":"sys.cpu.percent.10","metricValue":0.0,"step":null}},"type":"metric_msg"}
{"payload":{"local_timestamp":1674481913791,"metric":{"epoch":null,"metricName":"sys.cpu.percent.11","metricValue":0.0,"step":null}},"type":"metric_msg"}
{"payload":{"local_timestamp":1674481913791,"metric":{"epoch":null,"metricName":"sys.cpu.percent.12","metricValue":0.0,"step":null}},"type":"metric_msg"}
{"payload":{"local_timestamp":1674481913791,"metric":{"epoch":null,"metricName":"sys.cpu.percent.13","metricValue":31.7,"step":null}},"type":"metric_msg"}
{"payload":{"local_timestamp":1674481913791,"metric":{"epoch":null,"metricName":"sys.cpu.percent.14","metricValue":0.1,"step":null}},"type":"metric_msg"}
{"payload":{"local_timestamp":1674481913791,"metric":{"epoch":null,"metricName":"sys.cpu.percent.15","metricValue":15.3,"step":null}},"type":"metric_msg"}
{"payload":{"local_timestamp":1674481913791,"metric":{"epoch":null,"metricName":"sys.cpu.percent.16","metricValue":0.0,"step":null}},"type":"metric_msg"}
{"payload":{"local_timestamp":1674481913791,"metric":{"epoch":null,"metricName":"sys.cpu.percent.17","metricValue":0.9,"step":null}},"type":"metric_msg"}
{"payload":{"local_timestamp":1674481913791,"metric":{"epoch":null,"metricName":"sys.cpu.percent.18","metricValue":1.7,"step":null}},"type":"metric_msg"}
{"payload":{"local_timestamp":1674481913791,"metric":{"epoch":null,"metricName":"sys.cpu.percent.19","metricValue":2.2,"step":null}},"type":"metric_msg"}
{"payload":{"local_timestamp":1674481913791,"metric":{"epoch":null,"metricName":"sys.cpu.percent.20","metricValue":2.6,"step":null}},"type":"metric_msg"}
{"payload":{"local_timestamp":1674481913791,"metric":{"epoch":null,"metricName":"sys.cpu.percent.21","metricValue":1.2,"step":null}},"type":"metric_msg"}
{"payload":{"local_timestamp":1674481913791,"metric":{"epoch":null,"metricName":"sys.cpu.percent.22","metricValue":0.5,"step":null}},"type":"metric_msg"}
{"payload":{"local_timestamp":1674481913791,"metric":{"epoch":null,"metricName":"sys.cpu.percent.23","metricValue":0.9,"step":null}},"type":"metric_msg"}
{"payload":{"local_timestamp":1674481913791,"metric":{"epoch":null,"metricName":"sys.cpu.percent.24","metricValue":2.0,"step":null}},"type":"metric_msg"}
{"payload":{"local_timestamp":1674481913791,"metric":{"epoch":null,"metricName":"sys.load.avg","metricValue":0.0,"step":null}},"type":"metric_msg"}
{"payload":{"local_timestamp":1674481913791,"metric":{"epoch":null,"metricName":"sys.ram.total","metricValue":68489084928,"step":null}},"type":"metric_msg"}
{"payload":{"local_timestamp":1674481913791,"metric":{"epoch":null,"metricName":"sys.ram.used","metricValue":14812372992,"step":null}},"type":"metric_msg"}
{"payload":{"local_timestamp":1674481913791,"log_other":{"key":"offline_experiment","val":true}},"type":"ws_msg"}
{"payload":{"local_timestamp":1674481913791,"stderr":true,"stdout":"COMET INFO: devices to report: ['GPU-080140da-5235-ac9c-fcbc-0c865060454b', 'GPU-0e867d1b-55a4-5702-c615-9b295ba3f09f']\n"},"type":"ws_msg"}
{"payload":{"local_timestamp":1674481913791,"stderr":true,"stdout":"COMET WARNING: Unknown error exporting current conda environment\n"},"type":"ws_msg"}
{"payload":{"local_timestamp":1674481913799,"stderr":true,"stdout":"COMET WARNING: Unknown error retrieving Conda package as an explicit file\n"},"type":"ws_msg"}
{"payload":{"local_timestamp":1674481913799,"stderr":true,"stdout":"COMET WARNING: Unknown error retrieving Conda information\n"},"type":"ws_msg"}
{"payload":{"local_timestamp":1674481913799,"stderr":true,"stdout":"Traceback (most recent call last):\n"},"type":"ws_msg"}
{"payload":{"local_timestamp":1674481913799,"stderr":true,"stdout":"  File \"train.py\", line 698, in <module>\n    main(opt)\n"},"type":"ws_msg"}
{"payload":{"local_timestamp":1674481913799,"stderr":true,"stdout":"  File \"train.py\", line 592, in main\n    train(opt.hyp, opt, device, callbacks)\n"},"type":"ws_msg"}
{"payload":{"local_timestamp":1674481913799,"stderr":true,"stdout":"  File \"train.py\", line 158, in train\n    loggers = Loggers(save_dir, weights, opt, hyp, LOGGER)  # loggers instance\n"},"type":"ws_msg"}
{"payload":{"local_timestamp":1674481913799,"stderr":true,"stdout":"  File \"C:\\Users\\user\\Desktop\\NIA_\ucd5c\uc885\ub370\uc774\ud130_1207\\yolov5\\utils\\loggers\\__init__.py\", line 139, in __init__\n    self.comet_logger = CometLogger(self.opt, self.hyp)\n"},"type":"ws_msg"}
{"payload":{"local_timestamp":1674481913807,"stderr":true,"stdout":"  File \"C:\\Users\\user\\Desktop\\NIA_\ucd5c\uc885\ub370\uc774\ud130_1207\\yolov5\\utils\\loggers\\comet\\__init__.py\", line 97, in __init__\n    self.data_dict = self.check_dataset(self.opt.data)\n"},"type":"ws_msg"}
{"payload":{"local_timestamp":1674481913807,"stderr":true,"stdout":"  File \"C:\\Users\\user\\Desktop\\NIA_\ucd5c\uc885\ub370\uc774\ud130_1207\\yolov5\\utils\\loggers\\comet\\__init__.py\", line 234, in check_dataset\n    if data_config['path'].startswith(COMET_PREFIX):\n"},"type":"ws_msg"}
{"payload":{"local_timestamp":1674481913807,"stderr":true,"stdout":"KeyError: 'path'\n"},"type":"ws_msg"}
{"payload":{"local_timestamp":1674481913807,"stderr":true,"stdout":"COMET INFO: ----------------------------------\n"},"type":"ws_msg"}
{"payload":{"local_timestamp":1674481913807,"stderr":true,"stdout":"COMET INFO: Comet.ml OfflineExperiment Summary\n"},"type":"ws_msg"}
{"payload":{"local_timestamp":1674481913807,"stderr":true,"stdout":"COMET INFO: ----------------------------------\n"},"type":"ws_msg"}
{"payload":{"local_timestamp":1674481913807,"stderr":true,"stdout":"COMET INFO:   Data:\n"},"type":"ws_msg"}
{"payload":{"local_timestamp":1674481913807,"stderr":true,"stdout":"COMET INFO:     display_summary_level : 1\n"},"type":"ws_msg"}
{"payload":{"local_timestamp":1674481913807,"stderr":true,"stdout":"COMET INFO:     url                   : [OfflineExperiment will get URL after upload]\n"},"type":"ws_msg"}
{"payload":{"local_timestamp":1674481913807,"stderr":true,"stdout":"COMET INFO:   Others:\n"},"type":"ws_msg"}
{"payload":{"local_timestamp":1674481913807,"stderr":true,"stdout":"COMET INFO:     offline_experiment : True\n"},"type":"ws_msg"}
{"payload":{"local_timestamp":1674481913807,"stderr":true,"stdout":"COMET INFO:   Uploads:\n"},"type":"ws_msg"}
{"payload":{"local_timestamp":1674481913807,"stderr":true,"stdout":"COMET INFO:     environment details : 1\n"},"type":"ws_msg"}
{"payload":{"local_timestamp":1674481913807,"stderr":true,"stdout":"COMET INFO:     installed packages  : 1\n"},"type":"ws_msg"}
{"payload":{"local_timestamp":1674481913815,"stderr":true,"stdout":"COMET INFO: ----------------------------------\n"},"type":"ws_msg"}
{"payload":{"local_timestamp":1674481913815,"stderr":true,"stdout":"COMET WARNING: Experiment Name is generated at upload time for Offline Experiments unless set explicitly with Experiment.set_name\n"},"type":"ws_msg"}
{"payload":{"local_timestamp":1674481913815,"stderr":true,"stdout":"COMET WARNING: Comet has disabled auto-logging functionality as it has been imported after the following ML modules: tensorboard, torch. Metrics and hyperparameters can still be logged using comet_ml.log_metrics() and comet_ml.log_parameters()\n"},"type":"ws_msg"}
{"payload":{"local_timestamp":1674481913815,"log_other":{"key":"sys.already_imported_modules","val":"[\"tensorboard\", \"torch\"]"}},"type":"ws_msg"}
{"payload":{"local_timestamp":1674481913823,"metric":{"epoch":null,"metricName":"sys.gpu.0.free_memory","metricValue":23244877824,"step":null}},"type":"metric_msg"}
{"payload":{"local_timestamp":1674481913823,"metric":{"epoch":null,"metricName":"sys.gpu.0.gpu_utilization","metricValue":16,"step":null}},"type":"metric_msg"}
{"payload":{"local_timestamp":1674481913823,"metric":{"epoch":null,"metricName":"sys.gpu.0.power_usage","metricValue":19442,"step":null}},"type":"metric_msg"}
{"payload":{"local_timestamp":1674481913823,"metric":{"epoch":null,"metricName":"sys.gpu.0.temperature","metricValue":43,"step":null}},"type":"metric_msg"}
{"payload":{"local_timestamp":1674481913823,"metric":{"epoch":null,"metricName":"sys.gpu.0.used_memory","metricValue":2512343040,"step":null}},"type":"metric_msg"}
{"payload":{"local_timestamp":1674481913823,"metric":{"epoch":null,"metricName":"sys.gpu.1.free_memory","metricValue":25518145536,"step":null}},"type":"metric_msg"}
{"payload":{"local_timestamp":1674481913823,"metric":{"epoch":null,"metricName":"sys.gpu.1.gpu_utilization","metricValue":0,"step":null}},"type":"metric_msg"}
{"payload":{"local_timestamp":1674481913823,"metric":{"epoch":null,"metricName":"sys.gpu.1.power_usage","metricValue":20998,"step":null}},"type":"metric_msg"}
{"payload":{"local_timestamp":1674481913823,"metric":{"epoch":null,"metricName":"sys.gpu.1.temperature","metricValue":39,"step":null}},"type":"metric_msg"}
{"payload":{"local_timestamp":1674481913823,"metric":{"epoch":null,"metricName":"sys.gpu.1.used_memory","metricValue":239075328,"step":null}},"type":"metric_msg"}
