{"payload":{"installed_packages":["absl-py==1.3.0","aiohttp==3.8.3","aiosignal==1.2.0","async-timeout==4.0.2","asynctest==0.13.0","attrs==22.1.0","backcall==0.2.0","blinker==1.4","bottleneck==1.3.5","brotlipy==0.7.0","cachetools==4.2.2","certifi==2022.12.7","cffi==1.15.1","charset-normalizer==2.0.4","clearml==1.9.0","click==8.0.4","colorama==0.4.6","comet-ml==3.31.22","commonmark==0.9.1","configobj==5.0.8","cryptography==38.0.1","cycler==0.11.0","decorator==5.1.1","docker-pycreds==0.4.0","dulwich==0.21.2","everett==3.1.0","flit-core==3.6.0","fonttools==4.25.0","frozenlist==1.3.3","furl==2.1.3","gitdb==4.0.10","gitpython==3.1.29","google-auth-oauthlib==0.4.4","google-auth==2.6.0","grpcio==1.42.0","idna==3.4","importlib-metadata==4.11.3","importlib-resources==5.10.2","ipython==7.31.1","jedi==0.18.1","jsonschema==4.17.3","kiwisolver==1.4.2","markdown==3.4.1","markupsafe==2.1.1","matplotlib-inline==0.1.2","matplotlib==3.5.2","mkl-fft==1.3.1","mkl-random==1.2.2","mkl-service==2.4.0","multidict==6.0.2","munkres==1.1.4","numexpr==2.8.4","numpy==1.21.5","nvidia-pyindex==1.0.9","oauthlib==3.2.1","opencv-python==4.6.0.66","ordereddict==1.1","orderedmultidict==1.0.1","packaging==21.3","pandas==1.3.5","parso==0.8.3","pathlib2==2.3.7.post1","pathtools==0.1.2","pickleshare==0.7.5","pillow==9.3.0","pip==22.3.1","pkgutil-resolve-name==1.3.10","ply==3.11","promise==2.3","prompt-toolkit==3.0.20","protobuf==3.20.1","psutil==5.9.4","pyasn1-modules==0.2.8","pyasn1==0.4.8","pycparser==2.21","pygments==2.11.2","pyjwt==2.4.0","pyopenssl==22.0.0","pyparsing==3.0.9","pyqt5-sip==12.11.0","pyqt5==5.15.7","pyrsistent==0.19.3","pysocks==1.7.1","python-dateutil==2.8.2","pytz==2022.1","pyyaml==6.0","requests-oauthlib==1.3.0","requests-toolbelt==0.10.1","requests==2.28.1","rich==12.6.0","rsa==4.7.2","scipy==1.7.3","seaborn==0.12.1","semantic-version==2.10.0","sentry-sdk==1.12.1","setproctitle==1.3.2","setuptools==65.5.0","shortuuid==1.0.11","simplejson==3.18.1","sip==6.6.2","six==1.16.0","smmap==5.0.0","tensorboard-data-server==0.6.1","tensorboard-plugin-wit==1.8.1","tensorboard==2.10.0","thop==0.1.1.post2209072238","toml==0.10.2","torch==1.12.1+cu116","torchaudio==0.12.1","torchvision==0.13.1+cu116","tornado==6.2","tqdm==4.64.1","traitlets==5.1.1","typing-extensions==4.4.0","typing==3.7.4.3","urllib3==1.26.13","val==0.6","wandb==0.13.7","wcwidth==0.2.5","websocket-client==1.3.3","werkzeug==2.2.2","wheel==0.37.1","win-inet-pton==1.1.0","wincertstore==0.2","wrapt==1.14.1","wurlitzer==3.0.3","yarl==1.8.1","zipp==3.8.0"],"local_timestamp":1674400508331},"type":"ws_msg"}
{"payload":{"env_details":{"command":["train.py","--img","640","--batch","32","--epochs","10","--data","C:\\\\Users\\\\user\\\\Desktop\\\\NIA_\ucd5c\uc885\ub370\uc774\ud130_1207\\\\sick_st\\\\data.yaml","--cfg","./models/yolov5m.yaml","--weights","yolov5m.pt","--name","sick_st_results","--device","0,1"],"env":null,"hostname":"DESKTOP-755N67K","ip":"10.31.199.40","machine":"AMD64","os":"Windows-10-10.0.19041-SP0","os_release":"10","os_type":"Windows","pid":9508,"processor":"Intel64 Family 6 Model 151 Stepping 2, GenuineIntel","python_exe":"C:\\Users\\user\\.conda\\envs\\nia\\python.exe","python_version":"3.7.2","python_version_verbose":"3.7.2 (default, Feb 21 2019, 17:35:59) [MSC v.1915 64 bit (AMD64)]","user":"user"},"local_timestamp":1674400508339},"type":"ws_msg"}
{"payload":{"gpu_static_info":[{"gpu_index":0,"name":"NVIDIA GeForce RTX 3090 Ti","power_limit":450000,"total_memory":25757220864,"uuid":"GPU-080140da-5235-ac9c-fcbc-0c865060454b"},{"gpu_index":1,"name":"NVIDIA GeForce RTX 3090 Ti","power_limit":450000,"total_memory":25757220864,"uuid":"GPU-0e867d1b-55a4-5702-c615-9b295ba3f09f"}],"local_timestamp":1674400508340},"type":"ws_msg"}
{"payload":{"local_timestamp":1674400508348,"metric":{"epoch":null,"metricName":"sys.gpu.0.total_memory","metricValue":25757220864,"step":null}},"type":"metric_msg"}
{"payload":{"local_timestamp":1674400508348,"metric":{"epoch":null,"metricName":"sys.gpu.1.total_memory","metricValue":25757220864,"step":null}},"type":"metric_msg"}
{"payload":{"local_timestamp":1674400508348,"metric":{"epoch":null,"metricName":"sys.cpu.percent.avg","metricValue":4.675,"step":null}},"type":"metric_msg"}
{"payload":{"local_timestamp":1674400508348,"metric":{"epoch":null,"metricName":"sys.cpu.percent.01","metricValue":2.2,"step":null}},"type":"metric_msg"}
{"payload":{"local_timestamp":1674400508348,"metric":{"epoch":null,"metricName":"sys.cpu.percent.02","metricValue":0.0,"step":null}},"type":"metric_msg"}
{"payload":{"local_timestamp":1674400508348,"metric":{"epoch":null,"metricName":"sys.cpu.percent.03","metricValue":0.5,"step":null}},"type":"metric_msg"}
{"payload":{"local_timestamp":1674400508348,"metric":{"epoch":null,"metricName":"sys.cpu.percent.04","metricValue":0.0,"step":null}},"type":"metric_msg"}
{"payload":{"local_timestamp":1674400508348,"metric":{"epoch":null,"metricName":"sys.cpu.percent.05","metricValue":0.7,"step":null}},"type":"metric_msg"}
{"payload":{"local_timestamp":1674400508348,"metric":{"epoch":null,"metricName":"sys.cpu.percent.06","metricValue":0.0,"step":null}},"type":"metric_msg"}
{"payload":{"local_timestamp":1674400508348,"metric":{"epoch":null,"metricName":"sys.cpu.percent.07","metricValue":0.0,"step":null}},"type":"metric_msg"}
{"payload":{"local_timestamp":1674400508348,"metric":{"epoch":null,"metricName":"sys.cpu.percent.08","metricValue":0.0,"step":null}},"type":"metric_msg"}
{"payload":{"local_timestamp":1674400508348,"metric":{"epoch":null,"metricName":"sys.cpu.percent.09","metricValue":2.4,"step":null}},"type":"metric_msg"}
{"payload":{"local_timestamp":1674400508348,"metric":{"epoch":null,"metricName":"sys.cpu.percent.10","metricValue":0.0,"step":null}},"type":"metric_msg"}
{"payload":{"local_timestamp":1674400508348,"metric":{"epoch":null,"metricName":"sys.cpu.percent.11","metricValue":0.0,"step":null}},"type":"metric_msg"}
{"payload":{"local_timestamp":1674400508348,"metric":{"epoch":null,"metricName":"sys.cpu.percent.12","metricValue":0.0,"step":null}},"type":"metric_msg"}
{"payload":{"local_timestamp":1674400508348,"metric":{"epoch":null,"metricName":"sys.cpu.percent.13","metricValue":23.0,"step":null}},"type":"metric_msg"}
{"payload":{"local_timestamp":1674400508348,"metric":{"epoch":null,"metricName":"sys.cpu.percent.14","metricValue":0.0,"step":null}},"type":"metric_msg"}
{"payload":{"local_timestamp":1674400508348,"metric":{"epoch":null,"metricName":"sys.cpu.percent.15","metricValue":9.6,"step":null}},"type":"metric_msg"}
{"payload":{"local_timestamp":1674400508348,"metric":{"epoch":null,"metricName":"sys.cpu.percent.16","metricValue":0.0,"step":null}},"type":"metric_msg"}
{"payload":{"local_timestamp":1674400508348,"metric":{"epoch":null,"metricName":"sys.cpu.percent.17","metricValue":4.7,"step":null}},"type":"metric_msg"}
{"payload":{"local_timestamp":1674400508348,"metric":{"epoch":null,"metricName":"sys.cpu.percent.18","metricValue":6.4,"step":null}},"type":"metric_msg"}
{"payload":{"local_timestamp":1674400508348,"metric":{"epoch":null,"metricName":"sys.cpu.percent.19","metricValue":8.4,"step":null}},"type":"metric_msg"}
{"payload":{"local_timestamp":1674400508348,"metric":{"epoch":null,"metricName":"sys.cpu.percent.20","metricValue":13.5,"step":null}},"type":"metric_msg"}
{"payload":{"local_timestamp":1674400508348,"metric":{"epoch":null,"metricName":"sys.cpu.percent.21","metricValue":9.3,"step":null}},"type":"metric_msg"}
{"payload":{"local_timestamp":1674400508348,"metric":{"epoch":null,"metricName":"sys.cpu.percent.22","metricValue":16.9,"step":null}},"type":"metric_msg"}
{"payload":{"local_timestamp":1674400508348,"metric":{"epoch":null,"metricName":"sys.cpu.percent.23","metricValue":8.7,"step":null}},"type":"metric_msg"}
{"payload":{"local_timestamp":1674400508348,"metric":{"epoch":null,"metricName":"sys.cpu.percent.24","metricValue":5.9,"step":null}},"type":"metric_msg"}
{"payload":{"local_timestamp":1674400508348,"metric":{"epoch":null,"metricName":"sys.load.avg","metricValue":0.0,"step":null}},"type":"metric_msg"}
{"payload":{"local_timestamp":1674400508348,"metric":{"epoch":null,"metricName":"sys.ram.total","metricValue":68489084928,"step":null}},"type":"metric_msg"}
{"payload":{"local_timestamp":1674400508348,"metric":{"epoch":null,"metricName":"sys.ram.used","metricValue":12805390336,"step":null}},"type":"metric_msg"}
{"payload":{"local_timestamp":1674400508348,"param":{"paramName":"img","paramValue":640,"source":"cli","step":null}},"type":"parameter_msg"}
{"payload":{"local_timestamp":1674400508348,"param":{"paramName":"batch","paramValue":32,"source":"cli","step":null}},"type":"parameter_msg"}
{"payload":{"local_timestamp":1674400508348,"param":{"paramName":"epochs","paramValue":10,"source":"cli","step":null}},"type":"parameter_msg"}
{"payload":{"local_timestamp":1674400508348,"param":{"paramName":"data","paramValue":"C:\\\\Users\\\\user\\\\Desktop\\\\NIA_\ucd5c\uc885\ub370\uc774\ud130_1207\\\\sick_st\\\\data.yaml","source":"cli","step":null}},"type":"parameter_msg"}
{"payload":{"local_timestamp":1674400508348,"param":{"paramName":"cfg","paramValue":"./models/yolov5m.yaml","source":"cli","step":null}},"type":"parameter_msg"}
{"payload":{"local_timestamp":1674400508348,"param":{"paramName":"weights","paramValue":"yolov5m.pt","source":"cli","step":null}},"type":"parameter_msg"}
{"payload":{"local_timestamp":1674400508348,"param":{"paramName":"name","paramValue":"sick_st_results","source":"cli","step":null}},"type":"parameter_msg"}
{"payload":{"local_timestamp":1674400508348,"params":{"paramName":"device","paramValue":[0,1],"source":"cli","step":null}},"type":"parameter_msg"}
{"payload":{"local_timestamp":1674400508348,"log_other":{"key":"offline_experiment","val":true}},"type":"ws_msg"}
{"payload":{"local_timestamp":1674400508356,"stderr":true,"stdout":"COMET WARNING: Unknown error exporting current conda environment\n"},"type":"ws_msg"}
{"payload":{"local_timestamp":1674400508356,"stderr":true,"stdout":"Traceback (most recent call last):\n"},"type":"ws_msg"}
{"payload":{"local_timestamp":1674400508356,"stderr":true,"stdout":"  File \"train.py\", line 670, in <module>\n    main(opt)\n"},"type":"ws_msg"}
{"payload":{"local_timestamp":1674400508356,"stderr":true,"stdout":"  File \"train.py\", line 564, in main\n    train(opt.hyp, opt, device, callbacks)\n"},"type":"ws_msg"}
{"payload":{"local_timestamp":1674400508362,"stderr":true,"stdout":"COMET WARNING: Unknown error retrieving Conda package as an explicit file\n"},"type":"ws_msg"}
{"payload":{"local_timestamp":1674400508362,"stderr":true,"stdout":"  File \"train.py\", line 130, in train\n    loggers = Loggers(save_dir, weights, opt, hyp, LOGGER)  # loggers instance\n"},"type":"ws_msg"}
{"payload":{"local_timestamp":1674400508362,"stderr":true,"stdout":"  File \"C:\\Users\\user\\Desktop\\NIA_\ucd5c\uc885\ub370\uc774\ud130_1207\\yolov5\\utils\\loggers\\__init__.py\", line 139, in __init__\n    self.comet_logger = CometLogger(self.opt, self.hyp)\n"},"type":"ws_msg"}
{"payload":{"local_timestamp":1674400508362,"stderr":true,"stdout":"  File \"C:\\Users\\user\\Desktop\\NIA_\ucd5c\uc885\ub370\uc774\ud130_1207\\yolov5\\utils\\loggers\\comet\\__init__.py\", line 97, in __init__\n    self.data_dict = self.check_dataset(self.opt.data)\n"},"type":"ws_msg"}
{"payload":{"local_timestamp":1674400508362,"stderr":true,"stdout":"  File \"C:\\Users\\user\\Desktop\\NIA_\ucd5c\uc885\ub370\uc774\ud130_1207\\yolov5\\utils\\loggers\\comet\\__init__.py\", line 234, in check_dataset\n    if data_config['path'].startswith(COMET_PREFIX):\n"},"type":"ws_msg"}
{"payload":{"local_timestamp":1674400508362,"stderr":true,"stdout":"COMET WARNING: Unknown error retrieving Conda information\n"},"type":"ws_msg"}
{"payload":{"local_timestamp":1674400508362,"stderr":true,"stdout":"KeyError: 'path'\n"},"type":"ws_msg"}
{"payload":{"local_timestamp":1674400508362,"stderr":true,"stdout":"COMET INFO: ----------------------------------\n"},"type":"ws_msg"}
{"payload":{"local_timestamp":1674400508362,"stderr":true,"stdout":"COMET INFO: Comet.ml OfflineExperiment Summary\n"},"type":"ws_msg"}
{"payload":{"local_timestamp":1674400508362,"stderr":true,"stdout":"COMET INFO: ----------------------------------\n"},"type":"ws_msg"}
{"payload":{"local_timestamp":1674400508362,"stderr":true,"stdout":"COMET INFO:   Data:\n"},"type":"ws_msg"}
{"payload":{"local_timestamp":1674400508362,"stderr":true,"stdout":"COMET INFO:     display_summary_level : 1\n"},"type":"ws_msg"}
{"payload":{"local_timestamp":1674400508362,"stderr":true,"stdout":"COMET INFO:     url                   : [OfflineExperiment will get URL after upload]\n"},"type":"ws_msg"}
{"payload":{"local_timestamp":1674400508362,"stderr":true,"stdout":"COMET INFO:   Others:\n"},"type":"ws_msg"}
{"payload":{"local_timestamp":1674400508362,"stderr":true,"stdout":"COMET INFO:     offline_experiment : True\n"},"type":"ws_msg"}
{"payload":{"local_timestamp":1674400508362,"stderr":true,"stdout":"COMET INFO:   Uploads:\n"},"type":"ws_msg"}
{"payload":{"local_timestamp":1674400508362,"stderr":true,"stdout":"COMET INFO:     environment details : 1\n"},"type":"ws_msg"}
{"payload":{"local_timestamp":1674400508362,"stderr":true,"stdout":"COMET INFO:     installed packages  : 1\n"},"type":"ws_msg"}
{"payload":{"local_timestamp":1674400508362,"stderr":true,"stdout":"COMET INFO: ----------------------------------\n"},"type":"ws_msg"}
{"payload":{"local_timestamp":1674400508362,"stderr":true,"stdout":"COMET WARNING: Experiment Name is generated at upload time for Offline Experiments unless set explicitly with Experiment.set_name\n"},"type":"ws_msg"}
{"payload":{"local_timestamp":1674400508362,"stderr":true,"stdout":"COMET WARNING: Comet has disabled auto-logging functionality as it has been imported after the following ML modules: tensorboard, torch. Metrics and hyperparameters can still be logged using Experiment.log_metrics() and Experiment.log_parameters()\n"},"type":"ws_msg"}
{"payload":{"local_timestamp":1674400508362,"log_other":{"key":"sys.already_imported_modules","val":"[\"tensorboard\", \"torch\"]"}},"type":"ws_msg"}
{"payload":{"local_timestamp":1674400508381,"metric":{"epoch":null,"metricName":"sys.gpu.0.free_memory","metricValue":23967223808,"step":null}},"type":"metric_msg"}
{"payload":{"local_timestamp":1674400508381,"metric":{"epoch":null,"metricName":"sys.gpu.0.gpu_utilization","metricValue":0,"step":null}},"type":"metric_msg"}
{"payload":{"local_timestamp":1674400508381,"metric":{"epoch":null,"metricName":"sys.gpu.0.power_usage","metricValue":18520,"step":null}},"type":"metric_msg"}
{"payload":{"local_timestamp":1674400508381,"metric":{"epoch":null,"metricName":"sys.gpu.0.temperature","metricValue":46,"step":null}},"type":"metric_msg"}
{"payload":{"local_timestamp":1674400508381,"metric":{"epoch":null,"metricName":"sys.gpu.0.used_memory","metricValue":1789997056,"step":null}},"type":"metric_msg"}
{"payload":{"local_timestamp":1674400508381,"metric":{"epoch":null,"metricName":"sys.gpu.1.free_memory","metricValue":25518145536,"step":null}},"type":"metric_msg"}
{"payload":{"local_timestamp":1674400508381,"metric":{"epoch":null,"metricName":"sys.gpu.1.gpu_utilization","metricValue":0,"step":null}},"type":"metric_msg"}
{"payload":{"local_timestamp":1674400508381,"metric":{"epoch":null,"metricName":"sys.gpu.1.power_usage","metricValue":21051,"step":null}},"type":"metric_msg"}
{"payload":{"local_timestamp":1674400508381,"metric":{"epoch":null,"metricName":"sys.gpu.1.temperature","metricValue":40,"step":null}},"type":"metric_msg"}
{"payload":{"local_timestamp":1674400508381,"metric":{"epoch":null,"metricName":"sys.gpu.1.used_memory","metricValue":239075328,"step":null}},"type":"metric_msg"}
